%time,field.x,field.y,field.z
60200000000,1.0,0.0,0.0
60300000000,1.0,0.0,0.0
60400000000,1.0,0.0,0.0
60500000000,1.0,0.0,0.0
60600000000,1.0,0.0,0.0
60700000000,1.0,0.0,0.0
60800000000,1.0,0.0,0.0
60900000000,1.0,0.0,0.0
61000000000,1.0,0.0,0.0
61100000000,1.0,0.0,0.0
61200000000,1.0,0.0,0.0
61300000000,1.0,0.0,0.0
61400000000,1.0,0.0,0.0
61500000000,1.0,0.0,0.0
61600000000,1.0,0.0,0.0
61700000000,1.0,0.0,0.0
61800000000,1.0,0.0,0.0
61900000000,1.0,0.0,0.0
62000000000,1.0,0.0,0.0
62100000000,1.0,0.0,0.0
62200000000,1.0,0.0,0.0
62300000000,1.0,0.0,0.0
62400000000,1.0,0.0,0.0
62500000000,1.0,0.0,0.0
62600000000,1.0,0.0,0.0
62700000000,1.0,0.0,0.0
62800000000,1.0,0.0,0.0
62900000000,1.0,0.0,0.0
63000000000,1.0,0.0,0.0
63100000000,1.0,0.0,0.0
63200000000,1.0,0.0,0.0
63300000000,1.0,0.0,0.0
63400000000,1.0,0.0,0.0
63400000000,1.0,0.0,0.0
63600000000,1.0,0.0,0.0
63700000000,1.0,0.0,0.0
63800000000,1.0,0.0,0.0
63900000000,1.0,0.0,0.0
63900000000,1.0,0.0,0.0
64100000000,1.0,0.0,0.0
64200000000,1.0,0.0,0.0
64300000000,1.0,0.0,0.0
64300000000,1.0,0.0,0.0
64500000000,1.0,0.0,0.0
64500000000,1.0,0.0,0.0
64700000000,1.0,0.0,0.0
64800000000,1.0,0.0,0.0
64900000000,1.0,0.0,0.0
65000000000,1.0,0.0,0.0
65100000000,1.0,0.0,0.0
65100000000,1.0,0.0,0.0
65300000000,1.0,0.0,0.0
65400000000,1.0,0.0,0.0
65500000000,1.0,0.0,0.0
65600000000,1.0,0.0,0.0
65700000000,1.0,0.0,0.0
65800000000,1.0,0.0,0.0
65900000000,1.0,0.0,0.0
66000000000,1.0,0.0,0.0
66100000000,1.0,0.0,0.0
66200000000,1.0,0.0,0.0
66300000000,1.0,0.0,0.0
66400000000,1.0,0.0,0.0
66500000000,1.0,0.0,0.0
66600000000,1.0,0.0,0.0
66700000000,1.0,0.0,0.0
66800000000,1.0,0.0,0.0
66900000000,1.0,0.0,0.0
67000000000,1.0,0.0,0.0
67100000000,1.0,0.0,0.0
67200000000,1.0,0.0,0.0
67200000000,1.0,0.0,0.0
67400000000,1.0,0.0,0.0
67500000000,1.0,0.0,0.0
67600000000,1.0,0.0,0.0
67700000000,1.0,0.0,0.0
67700000000,1.0,0.0,0.0
67900000000,1.0,0.0,0.0
68000000000,1.0,0.0,0.0
68100000000,1.0,0.0,0.0
68200000000,1.0,0.0,0.0
68300000000,1.0,0.0,0.0
68300000000,1.0,0.0,0.0
68500000000,1.0,0.0,0.0
68600000000,1.0,0.0,0.0
68700000000,1.0,0.0,0.0
68800000000,1.0,0.0,0.0
68900000000,1.0,0.0,0.0
69000000000,1.0,0.0,0.0
69100000000,1.0,0.0,0.0
69200000000,1.0,0.0,0.0
69200000000,1.0,0.0,0.0
69300000000,1.0,0.0,0.0
69500000000,1.0,0.0,0.0
69600000000,1.0,0.0,0.0
69700000000,1.0,0.0,0.0
69700000000,1.0,0.0,0.0
69900000000,1.0,0.0,0.0
69900000000,1.0,0.0,0.0
70100000000,1.0,0.0,0.0
70200000000,1.0,0.0,0.0
70300000000,1.0,0.0,0.0
70300000000,1.0,0.0,0.0
70500000000,1.0,0.0,0.0
70600000000,1.0,0.0,0.0
70700000000,1.0,0.0,0.0
70800000000,1.0,0.0,0.0
70900000000,1.0,0.0,0.0
71000000000,1.0,0.0,0.0
71000000000,1.0,0.0,0.0
71200000000,1.0,0.0,0.0
71300000000,1.0,0.0,0.0
71400000000,1.0,0.0,0.0
71500000000,1.0,0.0,0.0
71600000000,1.0,0.0,0.0
71700000000,1.0,0.0,0.0
71800000000,1.0,0.0,0.0
71900000000,1.0,0.0,0.0
72000000000,1.0,0.0,0.0
72100000000,1.0,0.0,0.0
72200000000,1.0,0.0,0.0
72300000000,1.0,0.0,0.0
72400000000,1.0,0.0,0.0
72400000000,1.0,0.0,0.0
72600000000,1.0,0.0,0.0
72700000000,1.0,0.0,0.0
72800000000,1.0,0.0,0.0
72900000000,1.0,0.0,0.0
73000000000,1.0,0.0,0.0
73100000000,1.0,0.0,0.0
73200000000,1.0,0.0,0.0
73200000000,1.0,0.0,0.0
73300000000,1.0,0.0,0.0
73500000000,1.0,0.0,0.0
73500000000,1.0,0.0,0.0
73700000000,1.0,0.0,0.0
73800000000,1.0,0.0,0.0
73900000000,1.0,0.0,0.0
74000000000,1.0,0.0,0.0
74000000000,1.0,0.0,0.0
74200000000,1.0,0.0,0.0
74300000000,1.0,0.0,0.0
74400000000,1.0,0.0,0.0
74500000000,1.0,0.0,0.0
74500000000,1.0,0.0,0.0
74700000000,1.0,0.0,0.0
74800000000,1.0,0.0,0.0
74900000000,1.0,0.0,0.0
74900000000,1.0,0.0,0.0
75100000000,1.0,0.0,0.0
75200000000,1.0,0.0,0.0
75300000000,1.0,0.0,0.0
75400000000,1.0,0.0,0.0
75400000000,1.0,0.0,0.0
75600000000,1.0,0.0,0.0
75700000000,1.0,0.0,0.0
75800000000,1.0,0.0,0.0
75900000000,1.0,0.0,0.0
76000000000,1.0,0.0,0.0
76100000000,1.0,0.0,0.0
76100000000,1.0,0.0,0.0
76200000000,1.0,0.0,0.0
76400000000,1.0,0.0,0.0
76500000000,1.0,0.0,0.0
76600000000,1.0,0.0,0.0
76700000000,1.0,0.0,0.0
76700000000,1.0,0.0,0.0
76900000000,0.998418184525,0.00122387082819,0.0
77000000000,0.995254553576,0.00367161248456,0.0
77100000000,0.990509107152,0.00734322496912,0.0
77200000000,0.984181845253,0.0122387082819,0.0
77300000000,0.97627276788,0.0183580624228,0.0
77400000000,0.965200059557,0.0269251582201,0.0
77500000000,0.950963720285,0.0379399956738,0.0
77600000000,0.935145565538,0.0501787039556,0.0
77700000000,0.917745595317,0.0636412830657,0.0
77800000000,0.898763809621,0.0783277330039,0.0
77900000000,0.87820020845,0.0942380537704,0.0
78000000000,0.859218422754,0.108924503709,0.0
78000000000,0.841818452533,0.122387082819,0.0
78100000000,0.824418482311,0.135849661929,0.0
78300000000,0.805436696615,0.150536111867,0.0
78400000000,0.784873095445,0.166446432633,0.0
78500000000,0.762727678799,0.183580624228,0.0
78500000000,0.739000446679,0.201938686651,0.0
78600000000,0.71210958361,0.22274449073,0.0
78800000000,0.678891458641,0.248445778122,0.0
78800000000,0.640927887249,0.277818677998,0.0
79000000000,0.598218869433,0.310863190359,0.0
79100000000,0.550764405193,0.347579315205,0.0
79100000000,0.496982679054,0.389190923363,0.0
79300000000,0.438455506491,0.434474144006,0.0
79400000000,0.375182887504,0.483428977134,0.0
79500000000,0.305583006619,0.537279293574,0.0
79600000000,0.231237679309,0.594801222499,0.0
79700000000,0.152146905575,0.655994763908,0.0
79800000000,0.0730561318418,0.717188305317,0.0
79900000000,-0.00603464189186,0.778381846727,0.0
80000000000,-0.0851254156255,0.839575388136,0.0
80100000000,-0.164216189359,0.900768929545,0.0
80200000000,-0.243306963093,0.961962470955,0.0
80300000000,-0.322397736826,1.02315601236,0.0
80400000000,-0.40148851056,1.08434955377,0.0
80500000000,-0.480579284294,1.14554309518,0.0
80600000000,-0.559670058027,1.20673663659,0.0
80600000000,-0.638760831761,1.267930178,0.0
80800000000,-0.717851605495,1.32912371941,0.0
80900000000,-0.796942379228,1.39031726082,0.0
80900000000,-0.875399118824,1.45102024192,0.0
81100000000,-0.952274042945,1.5104993522,0.0
81200000000,-1.02756715159,1.56875459164,0.0
81300000000,-1.10127844476,1.62578596026,0.0
81400000000,-1.17340792246,1.68159345805,0.0
81500000000,-1.24395558468,1.73617708501,0.0
81600000000,-1.31292143143,1.78953684114,0.0
81700000000,-1.3803054627,1.84167272645,0.0
81800000000,-1.4461076785,1.89258474092,0.0
81900000000,-1.51032807883,1.94227288457,0.0
82000000000,-1.57296666367,1.99073715739,0.0
82100000000,-1.63402343305,2.03797755938,0.0
82200000000,-1.69349838695,2.08399409055,0.0
82300000000,-1.75139152537,2.12878675088,0.0
82400000000,-1.80770284832,2.17235554039,0.0
82500000000,-1.8624323558,2.21470045907,0.0
82600000000,-1.91399823233,2.25459763609,0.0
82700000000,-1.96359306758,2.29376884092,0.0
82800000000,-2.01085021923,2.33265327487,0.0
82900000000,-2.05541416785,2.37162119352,0.0
83000000000,-2.09693243917,2.41096435002,0.0
83100000000,-2.13509644401,2.45084374527,0.0
83200000000,-2.16995622805,2.49102905978,0.0
83300000000,-2.20157615754,2.53129630105,0.0
83400000000,-2.23003441317,2.57142864415,0.0
83500000000,-2.25542243644,2.61121723755,0.0
83600000000,-2.27784433075,2.65046197174,0.0
83700000000,-2.29741621952,2.68897220791,0.0
83800000000,-2.31344760164,2.72474237897,0.0
83900000000,-2.32698464925,2.75939011061,0.0
84000000000,-2.33817704057,2.79276156482,0.0
84100000000,-2.34718330856,2.82471492665,0.0
84200000000,-2.35417002007,2.85512089107,0.0
84300000000,-2.35931092906,2.88386309835,0.0
84400000000,-2.36278610696,2.91083851639,0.0
84500000000,-2.36278610696,2.91083851639,0.0
84600000000,-2.36278610696,2.91083851639,0.0
84700000000,-2.36278610696,2.91083851639,0.0
84800000000,-2.36278610696,2.91083851639,0.0
84900000000,-2.36278610696,2.91083851639,0.0
85000000000,-2.36278610696,2.91083851639,0.0
85100000000,-2.36278610696,2.91083851639,0.0
85200000000,-2.36294444645,2.91283223869,0.0
85300000000,-2.36326112542,2.91681968329,0.0
85400000000,-2.36373614387,2.92280085019,0.0
85500000000,-2.36436950181,2.93077573939,0.0
85600000000,-2.36516119923,2.94074435089,0.0
85700000000,-2.36579455717,2.94871924008,0.0
85800000000,-2.36626957562,2.95470040698,0.0
85900000000,-2.36658625459,2.95868785158,0.0
86000000000,-2.36674459407,2.96068157388,0.0
86100000000,-2.36674459407,2.96068157388,0.0
86200000000,-2.36690293356,2.96267529618,0.0
86300000000,-2.36721961253,2.96666274078,0.0
86400000000,-2.36769463098,2.97264390768,0.0
86500000000,-2.36832798892,2.98061879688,0.0
86600000000,-2.36911968634,2.99058740837,0.0
86700000000,-2.37006972325,3.00254974217,0.0
86800000000,-2.37117809964,3.01650579827,0.0
86900000000,-2.37244481551,3.03245557666,0.0
87000000000,-2.37386987087,3.05039907736,0.0
87100000000,-2.37545326572,3.07033630036,0.0
87200000000,-2.37687832107,3.08827980105,0.0
87300000000,-2.37814503695,3.10422957945,0.0
87400000000,-2.37925341334,3.11818563554,0.0
87500000000,-2.38020345025,3.13014796934,0.0
87600000000,-2.38099514767,3.14011658084,0.0
87700000000,-2.38162850561,3.14809147004,0.0
87800000000,-2.38210352406,3.15407263694,0.0
87900000000,-2.38242020303,3.15806008154,0.0
88000000000,-2.38257854251,3.16005380383,0.0
88100000000,-2.38257854251,3.16005380383,0.0
88200000000,-2.38257854251,3.16005380383,0.0
88300000000,-2.38257854251,3.16005380383,0.0
88400000000,-2.38257854251,3.16005380383,0.0
88500000000,-2.38257854251,3.16005380383,0.0
88600000000,-2.382736882,3.16204752613,0.0
88700000000,-2.38305356097,3.16603497073,0.0
88800000000,-2.38352857942,3.17201613763,0.0
88900000000,-2.38416193736,3.17999102683,0.0
89000000000,-2.38495363478,3.18995963833,0.0
89100000000,-2.38622035065,3.20590941672,0.0
89200000000,-2.38796208498,3.22784036202,0.0
89300000000,-2.39017883776,3.25575247421,0.0
89400000000,-2.392870609,3.28964575331,0.0
89500000000,-2.39572071972,3.3255327547,0.0
89600000000,-2.39872916992,3.36341347839,0.0
89700000000,-2.40189595961,3.40328792438,0.0
89800000000,-2.40522108878,3.44515609267,0.0
89900000000,-2.40838787847,3.48503053866,0.0
90000000000,-2.41139632867,3.52291126235,0.0
90100000000,-2.41424643939,3.55879826374,0.0
90200000000,-2.41693821062,3.59269154284,0.0
90300000000,-2.41947164237,3.62459109963,0.0
90400000000,-2.42184673464,3.65449693412,0.0
90500000000,-2.42406348742,3.68240904631,0.0
90600000000,-2.42612190072,3.70832743621,0.0
90700000000,-2.42802197453,3.7322521038,0.0
90800000000,-2.42976370886,3.7541830491,0.0
90900000000,-2.4313471037,3.77412027209,0.0
91000000000,-2.43277215906,3.79206377279,0.0
91100000000,-2.43403887494,3.80801355119,0.0
91100000000,-2.43514725133,3.82196960728,0.0
91200000000,-2.43609728823,3.83393194108,0.0
91400000000,-2.43688898565,3.84390055258,0.0
91400000000,-2.43752234359,3.85187544178,0.0
91500000000,-2.43799736205,3.85785660867,0.0
91600000000,-2.43831404101,3.86184405327,0.0
91800000000,-2.4384723805,3.86383777557,0.0
91900000000,-2.4384723805,3.86383777557,0.0
92000000000,-2.4384723805,3.86383777557,0.0
92100000000,-2.4384723805,3.86383777557,0.0
92100000000,-2.4384723805,3.86383777557,0.0
92300000000,-2.43863071998,3.86583149787,0.0
92400000000,-2.43894739895,3.86981894247,0.0
92500000000,-2.4394224174,3.87580010937,0.0
92600000000,-2.44005577534,3.88377499857,0.0
92700000000,-2.44100581225,3.89573733237,0.0
92800000000,-2.44211418864,3.90969338846,0.0
92900000000,-2.44338090451,3.92564316686,0.0
93000000000,-2.44480595987,3.94358666755,0.0
93100000000,-2.44638935472,3.96352389055,0.0
93200000000,-2.44813108905,3.98545483584,0.0
93300000000,-2.45003116286,4.00937950344,0.0
93400000000,-2.45208957615,4.03529789333,0.0
93500000000,-2.45430632894,4.06321000553,0.0
93600000000,-2.4566814212,4.09311584002,0.0
93700000000,-2.45889817398,4.12102795221,0.0
93800000000,-2.46095658728,4.14694634211,0.0
93900000000,-2.46285666109,4.1708710097,0.0
94000000000,-2.46459839542,4.192801955,0.0
94100000000,-2.46618179026,4.21273917799,0.0
94200000000,-2.46760684562,4.23068267869,0.0
94300000000,-2.4688735615,4.24663245708,0.0
94400000000,-2.46998193789,4.26058851318,0.0
94500000000,-2.4709319748,4.27255084698,0.0
94600000000,-2.47172367222,4.28251945848,0.0
94700000000,-2.47235703016,4.29049434767,0.0
94800000000,-2.47299038809,4.29846923687,0.0
94900000000,-2.47378208551,4.30843784837,0.0
95000000000,-2.47473212242,4.32040018217,0.0
95100000000,-2.47584049881,4.33435623826,0.0
95200000000,-2.47726555417,4.35229973896,0.0
95300000000,-2.47884894902,4.37223696196,0.0
95400000000,-2.48059068334,4.39416790725,0.0
95400000000,-2.48249075716,4.41809257485,0.0
95600000000,-2.48454917045,4.44401096474,0.0
95700000000,-2.48692426272,4.47391679923,0.0
95800000000,-2.48977437344,4.50980380062,0.0
95900000000,-2.49309950261,4.55167196891,0.0
96000000000,-2.49674131075,4.5975275818,0.0
96100000000,-2.50054145838,4.64537691699,0.0
96200000000,-2.50449994548,4.69521997448,0.0
96300000000,-2.50861677208,4.74705675427,0.0
96400000000,-2.51289193816,4.80088725636,0.0
96500000000,-2.51700876475,4.85272403615,0.0
96600000000,-2.52096725186,4.90256709363,0.0
96700000000,-2.52476739949,4.95041642882,0.0
96800000000,-2.52840920763,4.99627204171,0.0
96900000000,-2.53189267628,5.0401339323,0.0
97000000000,-2.53521780545,5.08200210059,0.0
97000000000,-2.53838459514,5.12187654658,0.0
97200000000,-2.54139304534,5.15975727027,0.0
97300000000,-2.54424315606,5.19564427167,0.0
97400000000,-2.5469349273,5.22953755076,0.0
97500000000,-2.54946835905,5.26143710755,0.0
97600000000,-2.55184345131,5.29134294204,0.0
97700000000,-2.5540602041,5.31925505424,0.0
97800000000,-2.55643529636,5.34916088873,0.0
97900000000,-2.55896872811,5.38106044552,0.0
98000000000,-2.56166049935,5.41495372462,0.0
98100000000,-2.56451061006,5.45084072601,0.0
98200000000,-2.56751906027,5.4887214497,0.0
98300000000,-2.57116086841,5.53457706259,0.0
98400000000,-2.575277695,5.58641384238,0.0
98500000000,-2.57986954005,5.64423178906,0.0
98600000000,-2.58493640355,5.70803090265,0.0
98700000000,-2.59063662499,5.77980490543,0.0
98700000000,-2.59681186488,5.85756007511,0.0
98900000000,-2.60346212322,5.94129641169,0.0
99000000000,-2.61027072105,6.02702647057,0.0
99100000000,-2.61723765836,6.11475025175,0.0
99200000000,-2.62436293516,6.20446775523,0.0
99300000000,-2.63164655144,6.29617898101,0.0
99400000000,-2.63877182824,6.38589648449,0.0
99400000000,-2.64589710504,6.47561398797,0.0
99600000000,-2.65409745411,6.56724779328,0.0
99700000000,-2.66434678804,6.66068735211,0.0
99800000000,-2.67767188255,6.7557580724,0.0
99900000000,-2.69514472177,6.85218783901,0.0
100000000000,-2.71730727272,6.94764893756,0.0
100100000000,-2.74465354272,7.04383719836,0.0
100200000000,-2.77666593942,7.13857476461,0.0
100300000000,-2.81326802602,7.231635429,0.0
100400000000,-2.85437240679,7.32279698823,0.0
100500000000,-2.89988093575,7.41184177354,0.0
100600000000,-2.94968495105,7.49855717045,0.0
100700000000,-3.00366553436,7.58273612639,0.0
100800000000,-3.06053322969,7.66254881479,0.0
100900000000,-3.12123186425,7.73948824397,0.0
101000000000,-3.18430253409,7.81186289841,0.0
101100000000,-3.24884375099,7.88020345241,0.0
101200000000,-3.31398962105,7.94516509966,0.0
101300000000,-3.37897743506,8.00742731959,0.0
101400000000,-3.44312667427,8.06766746491,0.0
101500000000,-3.50581797623,8.12653851602,0.0
101600000000,-3.56705134094,8.18404047292,0.0
101700000000,-3.62682676839,8.24017333561,0.0
101800000000,-3.68514425858,8.29493710408,0.0
101900000000,-3.74346174877,8.34970087256,0.0
102000000000,-3.80379550675,8.40523318431,0.0
102000000000,-3.86372942267,8.45822304865,0.0
102200000000,-3.9236884177,8.50811211473,0.0
102300000000,-3.98400714748,8.554346851,0.0
102400000000,-4.04486754558,8.59644212322,0.0
102500000000,-4.10601314034,8.63445812303,0.0
102600000000,-4.16719476215,8.66847002025,0.0
102700000000,-4.22817138478,8.69856738711,0.0
102800000000,-4.28871092755,8.72485357668,0.0
102900000000,-4.34838829463,8.74797525174,0.0
102900000000,-4.40722591586,8.76752350814,0.0
103100000000,-4.46502169491,8.78363710254,0.0
103100000000,-4.52158515497,8.7964657808,0.0
103300000000,-4.57673801887,8.80616947102,0.0
103300000000,-4.63031473792,8.81291744664,0.0
103500000000,-4.6821629681,8.81688746278,0.0
103600000000,-4.73014475106,8.81820977266,0.0
103700000000,-4.77613429932,8.81722923683,0.0
103800000000,-4.8200259676,8.81414355122,0.0
103900000000,-4.86172865783,8.80915500158,0.0
104000000000,-4.90116600397,8.80246951509,0.0
104100000000,-4.94022968286,8.79386550488,0.0
104200000000,-4.98075625808,8.78283841545,0.0
104300000000,-5.02259766131,8.7692260323,0.0
104400000000,-5.06559353572,8.75287504506,0.0
104500000000,-5.10957176314,8.73364185725,0.0
104500000000,-5.15076685869,8.71317324463,0.0
104700000000,-5.18935640603,8.69203449263,0.0
104800000000,-5.22901898175,8.66873470536,0.0
104900000000,-5.26991151615,8.64359906072,0.0
105000000000,-5.31224395107,8.6169914499,0.0
105100000000,-5.35626968338,8.58931953465,0.0
105200000000,-5.4019887131,8.56058331496,0.0
105300000000,-5.44601444542,8.53291139971,0.0
105400000000,-5.48861083541,8.50672843655,0.0
105500000000,-5.52999787094,8.48241561504,0.0
105600000000,-5.57034148862,8.46031601068,0.0
105700000000,-5.60974549306,8.44073733774,0.0
105800000000,-5.65005886819,8.42310691559,0.0
105900000000,-5.69273857649,8.40594758869,0.0
106000000000,-5.73388272426,8.39035402897,0.0
106100000000,-5.77330356494,8.37586274471,0.0
106200000000,-5.81084722274,8.36206152159,0.0
106300000000,-5.8463808049,8.34859435638,0.0
106400000000,-5.87978231574,8.33516531794,0.0
106500000000,-5.91459841245,8.31993904427,0.0
106500000000,-5.95091907408,8.3031816716,0.0
106700000000,-5.98887791249,8.28520594945,0.0
106800000000,-6.02864431463,8.26637424055,0.0
106900000000,-6.07021828051,8.24668654487,0.0
107000000000,-6.11540737386,8.22528687565,0.0
107100000000,-6.16240403094,8.20303121967,0.0
107200000000,-6.21120825175,8.17991957692,0.0
107300000000,-6.2618200363,8.1559519474,0.0
107400000000,-6.31423938458,8.13112833111,0.0
107500000000,-6.36665873286,8.10630471482,0.0
107600000000,-6.41702831454,8.08183217426,0.0
107700000000,-6.46511732982,8.05726702395,0.0
107800000000,-6.50894189729,8.0331961435,0.0
107900000000,-6.54983443169,8.00806049887,0.0
108000000000,-6.58779961539,7.98208657297,0.0
108100000000,-6.62285713018,7.95549765316,0.0
108200000000,-6.65504134676,7.92851291297,0.0
108300000000,-6.68440096076,7.90134651708,0.0
108300000000,-6.7109985767,7.87420675241,0.0
108500000000,-6.73623866749,7.84580010148,0.0
108600000000,-6.76131477194,7.81463619631,0.0
108700000000,-6.78601478024,7.78066695154,0.0
108800000000,-6.81121744654,7.74218545454,0.0
108900000000,-6.83552294098,7.70079411559,0.0
109000000000,-6.85870473227,7.65649282269,0.0
109100000000,-6.88053434002,7.60929676115,0.0
109100000000,-6.89969280859,7.56311285614,0.0
109300000000,-6.91674676563,7.51824457615,0.0
109400000000,-6.93222695452,7.47492756157,0.0
109500000000,-6.94661902161,7.43334789821,0.0
109600000000,-6.96035690384,7.39365821956,0.0
109700000000,-6.97381793766,7.35599125036,0.0
109800000000,-6.98660591978,7.32020762962,0.0
109900000000,-6.99872085022,7.28630735734,0.0
110000000000,-7.01016272896,7.25429043352,0.0
110100000000,-7.02160460771,7.2222735097,0.0
110200000000,-7.03371953814,7.18837323743,0.0
110300000000,-7.04650752027,7.15258961669,0.0
110400000000,-7.05996855409,7.11492264749,0.0
110500000000,-7.0741026396,7.07537232983,0.0
110600000000,-7.0889097768,7.03393866371,0.0
110700000000,-7.10438996569,6.99062164914,0.0
110800000000,-7.12054320627,6.9454212861,0.0
110900000000,-7.13736949854,6.8983375746,0.0
111000000000,-7.1548688425,6.84937051464,0.0
111100000000,-7.17304123815,6.79852010623,0.0
111200000000,-7.1918866855,6.74578634935,0.0
111300000000,-7.21140518453,6.69116924401,0.0
111400000000,-7.23159673526,6.63466879022,0.0
111500000000,-7.25246133768,6.57628498796,0.0
111600000000,-7.27467204348,6.51413448878,0.0
111700000000,-7.29890190435,6.44633394423,0.0
111800000000,-7.32515092029,6.37288335429,0.0
111900000000,-7.35207298793,6.29754941589,0.0
112000000000,-7.37966810725,6.22033212904,0.0
112100000000,-7.40793627827,6.14123149372,0.0
112200000000,-7.43687750098,6.06024750995,0.0
112300000000,-7.46649177538,5.97738017771,0.0
112400000000,-7.49543299808,5.89639619393,0.0
112500000000,-7.52302811741,5.81917890708,0.0
112600000000,-7.55062323674,5.74196162022,0.0
112700000000,-7.57754530437,5.66662768183,0.0
112800000000,-7.60379432031,5.59317709189,0.0
112900000000,-7.62937028457,5.52160985041,0.0
112900000000,-7.65427319713,5.4519259574,0.0
113100000000,-7.678503058,5.38412541284,0.0
113200000000,-7.70205986718,5.31820821674,0.0
113300000000,-7.72494362467,5.25417436911,0.0
113400000000,-7.74715433047,5.19202386993,0.0
113500000000,-7.76869198458,5.13175671921,0.0
113600000000,-7.789556587,5.07337291696,0.0
113700000000,-7.80974813772,5.01687246316,0.0
113800000000,-7.82926663676,4.96225535782,0.0
113900000000,-7.8481120841,4.90952160095,0.0
114000000000,-7.86628447976,4.85867119253,0.0
114100000000,-7.88329328632,4.80953159038,0.0
114200000000,-7.89869970785,4.76196435191,0.0
114300000000,-7.91211348646,4.7158767121,0.0
114400000000,-7.92319185332,4.67123066202,0.0
114500000000,-7.93168977567,4.62805908206,0.0
114600000000,-7.93814701047,4.58655843004,0.0
114700000000,-7.9428603644,4.54885187497,0.0
114800000000,-7.9471964234,4.51110007247,0.0
114900000000,-7.95094642068,4.4752959174,0.0
115000000000,-7.95448808478,4.44148088205,0.0
115000000000,-7.95802974888,4.40766584671,0.0
115200000000,-7.96177974617,4.37186169164,0.0
115300000000,-7.96573807663,4.33406841684,0.0
115400000000,-7.96990474028,4.29428602232,0.0
115500000000,-7.97427973711,4.25251450807,0.0
115600000000,-7.97886306712,4.20875387409,0.0
115700000000,-7.98365473032,4.16300412039,0.0
115800000000,-7.9886547267,4.11526524696,0.0
115800000000,-7.9944880558,4.05956989463,0.0
116000000000,-8.00094638446,3.99790718311,0.0
116100000000,-8.00802971266,3.93027711242,0.0
116200000000,-8.01573804041,3.85667968255,0.0
116300000000,-8.02427970088,3.77512577378,0.0
116400000000,-8.03344636091,3.68760450583,0.0
116400000000,-8.04344635366,3.59212675897,0.0
116600000000,-8.05386301278,3.49267077266,0.0
116700000000,-8.0642796719,3.39321478635,0.0
116800000000,-8.07469633102,3.29375880004,0.0
116900000000,-8.08511299014,3.19430281373,0.0
117000000000,-8.09552964926,3.09484682742,0.0
117100000000,-8.10594630838,2.99539084111,0.0
117200000000,-8.1163629675,2.8959348548,0.0
117300000000,-8.12677962662,2.79647886849,0.0
117400000000,-8.13719628574,2.69702288219,0.0
117500000000,-8.14761294486,2.59756689588,0.0
117600000000,-8.15802960398,2.49811090957,0.0
117700000000,-8.16844626309,2.39865492326,0.0
117800000000,-8.17886292221,2.29919893695,0.0
117900000000,-8.18927958133,2.19974295064,0.0
118000000000,-8.19961273492,2.10108425695,0.0
118100000000,-8.20973755532,2.00441468299,0.0
118200000000,-8.21965404254,1.90973422876,0.0
118300000000,-8.22936219657,1.81704289425,0.0
118400000000,-8.23886201742,1.72634067947,0.0
118500000000,-8.2481535051,1.63762758442,0.0
118600000000,-8.25723665958,1.55090360909,0.0
118700000000,-8.26611148089,1.46616875349,0.0
118800000000,-8.27456963583,1.38541213734,0.0
118900000000,-8.28203138327,1.30656608241,0.0
119000000000,-8.28776624763,1.22958104492,0.0
119100000000,-8.29110064409,1.15445666085,0.0
119200000000,-8.29141948751,1.08125900901,0.0
119300000000,-8.28825125909,1.01013118857,0.0
119400000000,-8.28241003623,0.941179819896,0.0
119500000000,-8.27473173736,0.874421588435,0.0
119600000000,-8.26598811457,0.809812197347,0.0
119700000000,-8.2568868675,0.747272623692,0.0
119800000000,-8.24807364211,0.686712202256,0.0
119900000000,-8.23954843841,0.628130933041,0.0
120000000000,-8.23187767998,0.57144927568,0.0
120100000000,-8.22557053965,0.516612450355,0.0
120200000000,-8.22107992083,0.463603975669,0.0
120300000000,-8.21880166488,0.412456344145,0.0
120400000000,-8.21901596712,0.363258464615,0.0
120500000000,-8.22110880567,0.316106540822,0.0
120600000000,-8.22446647326,0.27103308329,0.0
120700000000,-8.2285364465,0.228026892592,0.0
120800000000,-8.23303627097,0.18506355124,0.0
120900000000,-8.23774442863,0.140111090162,0.0
121000000000,-8.24266091947,0.0931695093574,0.0
121100000000,-8.24736907713,0.0482170482791,0.0
121200000000,-8.25143905036,0.00521085758143,0.0
121300000000,-8.25449956836,-0.0358736524555,0.0
121400000000,-8.2564150415,-0.0790295104946,0.0
121500000000,-8.25751577892,-0.124214451378,0.0
121600000000,-8.25819333023,-0.171407934136,0.0
121700000000,-8.25889959235,-0.220601210806,0.0
121800000000,-8.25963456527,-0.271794281388,0.0
121900000000,-8.2603695382,-0.322987351969,0.0
122000000000,-8.26113322193,-0.376180216463,0.0
122100000000,-8.26195432727,-0.433372668779,0.0
122100000000,-8.26277543262,-0.490565121096,0.0
122300000000,-8.26362524877,-0.549757367325,0.0
122400000000,-8.26450377573,-0.610949407465,0.0
122500000000,-8.26543972431,-0.676141035429,0.0
122600000000,-8.26637567288,-0.741332663393,0.0
122700000000,-8.26728291065,-0.804524497445,0.0
122800000000,-8.26816143761,-0.865716537586,0.0
122900000000,-8.26901125376,-0.924908783814,0.0
123000000000,-8.26983235911,-0.982101236131,0.0
123100000000,-8.27062475365,-1.03729389454,0.0
123200000000,-8.27138843738,-1.09048675903,0.0
123300000000,-8.2721234103,-1.14167982961,0.0
123400000000,-8.27282967242,-1.19087310628,0.0
123500000000,-8.27350722373,-1.23806658904,0.0
123600000000,-8.27415606423,-1.28326027789,0.0
123700000000,-8.27474748312,-1.32445437891,0.0
123800000000,-8.27533890201,-1.36564847993,0.0
123900000000,-8.27590161009,-1.40484278704,0.0
124000000000,-8.27643560737,-1.44203730024,0.0
124100000000,-8.27694089383,-1.47723201953,0.0
124100000000,-8.27741746949,-1.5104269449,0.0
124300000000,-8.27786533435,-1.54162207637,0.0
124400000000,-8.27828448839,-1.57081741392,0.0
124500000000,-8.27867493163,-1.59801295756,0.0
124600000000,-8.27906537487,-1.6252085012,0.0
124700000000,-8.27948452891,-1.65440383875,0.0
124800000000,-8.27993239376,-1.68559897022,0.0
124900000000,-8.28040896942,-1.71879389559,0.0
125000000000,-8.28091425589,-1.75398861488,0.0
125100000000,-8.28144825316,-1.79118312808,0.0
125200000000,-8.28209709367,-1.83637681692,0.0
125300000000,-8.28283206659,-1.88756988751,0.0
125400000000,-8.28365317194,-1.94476233982,0.0
125500000000,-8.28458912051,-2.00995396779,0.0
125600000000,-8.28561120151,-2.08114497749,0.0
125700000000,-8.28671941493,-2.15833536892,0.0
125800000000,-8.28794247157,-2.243524936,0.0
125900000000,-8.28925166064,-2.33471388482,0.0
126000000000,-8.29064698213,-2.43190221537,0.0
126100000000,-8.29208252249,-2.53189191096,0.0
126100000000,-8.29351806285,-2.63188160655,0.0
126300000000,-8.29495360321,-2.73187130214,0.0
126400000000,-8.29638914357,-2.83186099773,0.0
126500000000,-8.29782468393,-2.93185069331,0.0
126600000000,-8.29926022429,-3.0318403889,0.0
126700000000,-8.30069576465,-3.13183008449,0.0
126800000000,-8.30213130501,-3.23181978008,0.0
126800000000,-8.30356684537,-3.33180947567,0.0
127000000000,-8.30500238574,-3.43179917126,0.0
127100000000,-8.3064379261,-3.53178886684,0.0
127200000000,-8.30787346646,-3.63177856243,0.0
127300000000,-8.30930900682,-3.73176825802,0.0
127400000000,-8.31074454718,-3.83175795361,0.0
127500000000,-8.31218008754,-3.9317476492,0.0
127600000000,-8.3136156279,-4.03173734479,0.0
127700000000,-8.31505116826,-4.13172704038,0.0
127800000000,-8.31648670862,-4.23171673596,0.0
127900000000,-8.31792224898,-4.33170643155,0.0
128000000000,-8.31935778934,-4.43169612714,0.0
128100000000,-8.3207933297,-4.53168582273,0.0
128100000000,-8.32222887006,-4.63167551832,0.0
128200000000,-8.32366441042,-4.73166521391,0.0
128400000000,-8.32509995078,-4.83165490949,0.0
128500000000,-8.32653549114,-4.93164460508,0.0
128600000000,-8.3279710315,-5.03163430067,0.0
128700000000,-8.32940657186,-5.13162399626,0.0
128800000000,-8.33084211222,-5.23161369185,0.0
128900000000,-8.33227765258,-5.33160338744,0.0
129000000000,-8.33371319294,-5.43159308303,0.0
129100000000,-8.33414878123,-5.53159213434,0.0
129200000000,-8.33258443471,-5.63157989769,0.0
129300000000,-8.32802160912,-5.73147574656,0.0
129400000000,-8.31953623783,-5.83031050956,0.0
129500000000,-8.30650115758,-5.92663083556,0.0
129500000000,-8.28914112655,-6.02023294267,0.0
129600000000,-8.26768971843,-6.11092896704,0.0
129800000000,-8.24294317163,-6.19662583629,0.0
129900000000,-8.21468796399,-6.27911944109,0.0
130000000000,-8.1831764176,-6.35827612528,0.0
130100000000,-8.14866531614,-6.43397915493,0.0
130200000000,-8.11141485828,-6.50612882454,0.0
130300000000,-8.07168761184,-6.57464250159,0.0
130400000000,-8.02974747231,-6.63945460974,0.0
130500000000,-7.98585862912,-6.70051655144,0.0
130600000000,-7.94028454312,-6.75779657049,0.0
130700000000,-7.89328693867,-6.81127955552,0.0
130800000000,-7.8451248136,-6.86096678562,0.0
130900000000,-7.79605347032,-6.90687561931,0.0
131000000000,-7.74784906697,-6.94774573637,0.0
131100000000,-7.69929257364,-6.98499495839,0.0
131200000000,-7.65061886224,-7.0186893796,0.0
131300000000,-7.60205536918,-7.04890920683,0.0
131400000000,-7.55556895074,-7.07477572856,0.0
131500000000,-7.50966753889,-7.09745459649,0.0
131600000000,-7.46454728774,-7.11706684297,0.0
131600000000,-7.42039382523,-7.13374484162,0.0
131800000000,-7.37738162388,-7.14763156336,0.0
131900000000,-7.33567341935,-7.15887979856,0.0
132000000000,-7.29541967851,-7.16765134824,0.0
132100000000,-7.25675811871,-7.17411618729,0.0
132200000000,-7.22179964955,-7.17821850548,0.0
132300000000,-7.18867790398,-7.18047242769,0.0
132400000000,-7.15748523377,-7.18106752039,0.0
132500000000,-7.1282998456,-7.18019772619,0.0
132600000000,-7.10118560537,-7.17806043428,0.0
132700000000,-7.07817565728,-7.17510991594,0.0
132800000000,-7.05730627526,-7.17138986502,0.0
132800000000,-7.03859299952,-7.16710153078,0.0
133000000000,-7.01818623207,-7.16136273937,0.0
133100000000,-6.99618759689,-7.15399909085,0.0
133100000000,-6.97271164448,-7.14484287365,0.0
133200000000,-6.94605986241,-7.13291702202,0.0
133400000000,-6.91823899023,-7.11879838606,0.0
133500000000,-6.88940388331,-7.10234643164,0.0
133600000000,-6.859720225,-7.08343072364,0.0
133700000000,-6.83262816593,-7.06424347447,0.0
133800000000,-6.80807946204,-7.04498995668,0.0
133900000000,-6.78601214175,-7.02586989392,0.0
134000000000,-6.76635094183,-7.007076617,0.0
134100000000,-6.75038432342,-6.99024716762,0.0
134200000000,-6.73656289204,-6.9741742737,0.0
134200000000,-6.72477149503,-6.9590237141,0.0
134400000000,-6.71488408596,-6.944951676,0.0
134500000000,-6.70676439373,-6.9321040954,0.0
134600000000,-6.70026662971,-6.92061604043,0.0
134700000000,-6.69523623024,-6.91061113961,0.0
134800000000,-6.6915106318,-6.90220105695,0.0
134900000000,-6.68963984013,-6.89735101133,0.0
135000000000,-6.68963984013,-6.89735101133,0.0
135100000000,-6.68963984013,-6.89735101133,0.0
135200000000,-6.68963984013,-6.89735101133,0.0
135300000000,-6.68963984013,-6.89735101133,0.0
135400000000,-6.68939288123,-6.89536631708,0.0
135500000000,-6.68909345682,-6.89137753969,0.0
135600000000,-6.68909345682,-6.89137753969,0.0
135700000000,-6.68909345682,-6.89137753969,0.0
135800000000,-6.68909345682,-6.89137753969,0.0
135900000000,-6.68909345682,-6.89137753969,0.0
136000000000,-6.68909345682,-6.89137753969,0.0
136100000000,-6.68909345682,-6.89137753969,0.0
136200000000,-6.68909345682,-6.89137753969,0.0
136300000000,-6.68909345682,-6.89137753969,0.0
136400000000,-6.68909345682,-6.89137753969,0.0
136500000000,-6.68909345682,-6.89137753969,0.0
136600000000,-6.68909345682,-6.89137753969,0.0
136700000000,-6.68909345682,-6.89137753969,0.0
136800000000,-6.68909345682,-6.89137753969,0.0
136900000000,-6.68909345682,-6.89137753969,0.0
137000000000,-6.68909345682,-6.89137753969,0.0
137100000000,-6.68909345682,-6.89137753969,0.0
137200000000,-6.68909345682,-6.89137753969,0.0
137300000000,-6.68909345682,-6.89137753969,0.0
137400000000,-6.68909345682,-6.89137753969,0.0
137500000000,-6.68787553623,-6.88979113828,0.0
137600000000,-6.68534562129,-6.88669282739,0.0
137700000000,-6.68145856469,-6.8821221829,0.0
137800000000,-6.67621514079,-6.87608012152,0.0
137900000000,-6.67228257286,-6.87154857548,0.0
138000000000,-6.66963078219,-6.86855391252,0.0
138100000000,-6.66963078219,-6.86855391252,0.0
138200000000,-6.66963078219,-6.86855391252,0.0
138300000000,-6.66963078219,-6.86855391252,0.0
138400000000,-6.66963078219,-6.86855391252,0.0
138500000000,-6.66802592148,-6.86736042096,0.0
138600000000,-6.66470342845,-6.86513308172,0.0
138700000000,-6.6595624313,-6.86203951609,0.0
138800000000,-6.65254830526,-6.85819217469,0.0
138900000000,-6.6436403392,-6.85364815217,0.0
139000000000,-6.63284386849,-6.84841019262,0.0
139100000000,-6.62018750728,-6.84242550208,0.0
139200000000,-6.60391504287,-6.83473089995,0.0
139300000000,-6.58583452685,-6.82618134203,0.0
139300000000,-6.56594595923,-6.81677682832,0.0
139500000000,-6.54424934001,-6.80651735882,0.0
139600000000,-6.51893661759,-6.79454797774,0.0
139600000000,-6.49181584357,-6.78172364086,0.0
139800000000,-6.46288701794,-6.76804434819,0.0
139800000000,-6.43215014071,-6.75351009973,0.0
140000000000,-6.39960521189,-6.73812089548,0.0
140100000000,-6.36525223146,-6.72187673543,0.0
140200000000,-6.32547509622,-6.70306770801,0.0
140300000000,-6.28027380618,-6.68169381322,0.0
140300000000,-6.22784030973,-6.65690009525,0.0
140500000000,-6.16998265848,-6.62954150992,0.0
140600000000,-6.10670085243,-6.5996180572,0.0
140700000000,-6.04161099477,-6.5688396487,0.0
140800000000,-5.97832918871,-6.53891619599,0.0
140900000000,-5.91656782779,-6.51046387978,0.0
141000000000,-5.85608269322,-6.48405273639,0.0
141100000000,-5.79668862411,-6.46021275831,0.0
141200000000,-5.7382730911,-6.43943715955,0.0
141300000000,-5.68082727553,-6.4221172787,0.0
141400000000,-5.62454474701,-6.4081073899,0.0
141500000000,-5.5696070914,-6.39725133189,0.0
141600000000,-5.51618336442,-6.3893833337,0.0
141600000000,-5.46442959762,-6.38432886811,0.0
141800000000,-5.41448835783,-6.38190552997,0.0
141900000000,-5.36648836136,-6.38192393611,0.0
142000000000,-5.32054414409,-6.38418864352,0.0
142100000000,-5.27874616797,-6.38830315351,0.0
142200000000,-5.23907402354,-6.39341402,0.0
142200000000,-5.20346822376,-6.3987269309,0.0
142300000000,-5.16984052397,-6.40374468009,0.0
142500000000,-5.13814528155,-6.4081505407,0.0
142600000000,-5.10835433006,-6.41168596279,0.0
142700000000,-5.08046297629,-6.41415018377,0.0
142800000000,-5.05249539008,-6.41549707698,0.0
142900000000,-5.02249637955,-6.41574073128,0.0
143000000000,-4.99050403767,-6.41504068791,0.0
143100000000,-4.95653384749,-6.41361724864,0.0
143200000000,-4.92457689923,-6.41195789397,0.0
143300000000,-4.89465436279,-6.40980340724,0.0
143400000000,-4.86679954522,-6.40695575244,0.0
143500000000,-4.83710098,-6.40271367465,0.0
143600000000,-4.8055724908,-6.39724061619,0.0
143700000000,-4.77219646535,-6.39075671883,0.0
143800000000,-4.73692756312,-6.38353837168,0.0
143900000000,-4.69969927743,-6.37591900525,0.0
144000000000,-4.65659284137,-6.36709658096,0.0
144100000000,-4.60564887149,-6.35667007952,0.0
144200000000,-4.54882675123,-6.34504052023,0.0
144300000000,-4.4861264806,-6.33220790308,0.0
144400000000,-4.4175480596,-6.31817222807,0.0
144500000000,-4.34113210477,-6.30253247592,0.0
144500000000,-4.26275676648,-6.28649170448,0.0
144700000000,-4.18650102733,-6.27008858749,0.0
144800000000,-4.11253505232,-6.25262334944,0.0
144900000000,-4.04105804895,-6.23346511389,0.0
145000000000,-3.97231390422,-6.21205851291,0.0
145100000000,-3.90657577048,-6.18800653227,0.0
145200000000,-3.84393347327,-6.16155010394,0.0
145300000000,-3.78265835279,-6.13206519916,0.0
145400000000,-3.72113902203,-6.0986680145,0.0
145500000000,-3.66132458169,-6.06230549634,0.0
145600000000,-3.60501404449,-6.02418564062,0.0
145600000000,-3.55223232651,-5.98456127631,0.0
145800000000,-3.50298814442,-5.94368328063,0.0
145900000000,-3.45727427476,-5.90179960696,0.0
146000000000,-3.41506786918,-5.85915433374,0.0
146100000000,-3.3763308242,-5.81598673772,0.0
146200000000,-3.34101020379,-5.77253039441,0.0
146300000000,-3.309038713,-5.72901230878,0.0
146400000000,-3.28033522073,-5.68565207895,0.0
146500000000,-3.25480532938,-5.64266109562,0.0
146600000000,-3.23234198935,-5.60024177979,0.0
146700000000,-3.21282615578,-5.55858686124,0.0
146800000000,-3.19612748511,-5.51787869992,0.0
146900000000,-3.18210506877,-5.47828865268,0.0
147000000000,-3.17003335797,-5.43806087872,0.0
147000000000,-3.15946059656,-5.39535002862,0.0
147200000000,-3.15060170352,-5.35021113171,0.0
147300000000,-3.14366957271,-5.30271433642,0.0
147400000000,-3.1388741068,-5.25294483264,0.0
147500000000,-3.1358486156,-5.19902965479,0.0
147600000000,-3.13382986285,-5.14306605379,0.0
147700000000,-3.13226662163,-5.0830864216,0.0
147800000000,-3.13065127237,-5.02110746834,0.0
147900000000,-3.12893170703,-4.95512987294,0.0
148000000000,-3.12716003365,-4.88715295647,0.0
148100000000,-3.12533625223,-4.81717671892,0.0
148100000000,-3.12346036277,-4.7452011603,0.0
148300000000,-3.12153236527,-4.67122628061,0.0
148400000000,-3.11955225972,-4.59525207984,0.0
148500000000,-3.1174679381,-4.51527923693,0.0
148500000000,-3.11533150843,-4.43330707294,0.0
148600000000,-3.11314297073,-4.34933558789,0.0
148800000000,-3.11090232498,-4.26336478176,0.0
148900000000,-3.1086095712,-4.17539465455,0.0
148900000000,-3.10636892545,-4.08942384842,0.0
149100000000,-3.10418038775,-4.00545236337,0.0
149200000000,-3.10204395808,-3.92348019938,0.0
149300000000,-3.09995963646,-3.84350735647,0.0
149400000000,-3.09792742288,-3.76553383463,0.0
149500000000,-3.09594731733,-3.68955963387,0.0
149600000000,-3.09401931983,-3.61558475417,0.0
149700000000,-3.09214343037,-3.54360919555,0.0
149800000000,-3.09031964895,-3.473632958,0.0
149900000000,-3.08854797557,-3.40565604153,0.0
150000000000,-3.08682841023,-3.33967844613,0.0
150100000000,-3.08580080838,-3.27568669639,0.0
150200000000,-3.08603738964,-3.21568716281,0.0
150300000000,-3.08858526527,-3.15774315251,0.0
150400000000,-3.09377529254,-3.10198417461,0.0
150500000000,-3.10111810513,-3.05050521674,0.0
150600000000,-3.11096688665,-2.99944641238,0.0
150700000000,-3.12282384267,-2.95087262733,0.0
150700000000,-3.13647083659,-2.90485350569,0.0
150900000000,-3.15168794784,-2.86144337409,0.0
151000000000,-3.16599537662,-2.82623971687,0.0
151100000000,-3.17947751406,-2.79721848378,0.0
151200000000,-3.19157053834,-2.77420199483,0.0
151300000000,-3.20071103322,-2.75869550092,0.0
151400000000,-3.20730241392,-2.74866785411,0.0
151500000000,-3.21083909378,-2.74382101024,0.0
151600000000,-3.21083909378,-2.74382101024,0.0
151700000000,-3.21083909378,-2.74382101024,0.0
151800000000,-3.21083909378,-2.74382101024,0.0
151900000000,-3.21083909378,-2.74382101024,0.0
152000000000,-3.21083909378,-2.74382101024,0.0
152100000000,-3.21083909378,-2.74382101024,0.0
152200000000,-3.21083909378,-2.74382101024,0.0
152300000000,-3.21083909378,-2.74382101024,0.0
152400000000,-3.21083909378,-2.74382101024,0.0
152500000000,-3.21083909378,-2.74382101024,0.0
152600000000,-3.21083909378,-2.74382101024,0.0
152700000000,-3.21083909378,-2.74382101024,0.0
152800000000,-3.21083909378,-2.74382101024,0.0
152900000000,-3.21083909378,-2.74382101024,0.0
153000000000,-3.21083909378,-2.74382101024,0.0
153100000000,-3.21083909378,-2.74382101024,0.0
153200000000,-3.21083909378,-2.74382101024,0.0
153300000000,-3.21083909378,-2.74382101024,0.0
153400000000,-3.21083909378,-2.74382101024,0.0
153400000000,-3.21083909378,-2.74382101024,0.0
153500000000,-3.21083909378,-2.74382101024,0.0
153700000000,-3.21083909378,-2.74382101024,0.0
153800000000,-3.21083909378,-2.74382101024,0.0
153900000000,-3.21083909378,-2.74382101024,0.0
154000000000,-3.21083909378,-2.74382101024,0.0
154100000000,-3.21083909378,-2.74382101024,0.0
154200000000,-3.21083909378,-2.74382101024,0.0
154300000000,-3.21083909378,-2.74382101024,0.0
154400000000,-3.21083909378,-2.74382101024,0.0
154500000000,-3.21083909378,-2.74382101024,0.0
154500000000,-3.21083909378,-2.74382101024,0.0
154700000000,-3.21083909378,-2.74382101024,0.0
154800000000,-3.21083909378,-2.74382101024,0.0
154900000000,-3.21083909378,-2.74382101024,0.0
155000000000,-3.21083909378,-2.74382101024,0.0
155100000000,-3.21083909378,-2.74382101024,0.0
155200000000,-3.21083909378,-2.74382101024,0.0
155300000000,-3.21205612502,-2.74540809403,0.0
155400000000,-3.2143322242,-2.74869737549,0.0
155500000000,-3.21750127599,-2.75379218763,0.0
155600000000,-3.22138979329,-2.76078357041,0.0
155700000000,-3.22581772767,-2.76974980692,0.0
155800000000,-3.23059930701,-2.78075600967,0.0
155900000000,-3.23554389738,-2.79385375856,0.0
156000000000,-3.24045688617,-2.8090807918,0.0
156100000000,-3.24514058324,-2.826460751,0.0
156200000000,-3.24939513699,-2.84600298149,0.0
156300000000,-3.25301946202,-2.86770238858,0.0
156400000000,-3.25581217515,-2.89153935049,0.0
156500000000,-3.25730171166,-2.91348886714,0.0
156600000000,-3.25767946564,-2.93348529937,0.0
156700000000,-3.25713989933,-2.95147721056,0.0
156800000000,-3.25587961234,-2.96742749822,0.0
156900000000,-3.25358691829,-2.98528088877,0.0
157000000000,-3.2504248274,-3.00300096725,0.0
157100000000,-3.24684799402,-3.018596039,0.0
157200000000,-3.24305541257,-3.03207254915,0.0
157300000000,-3.23924423139,-3.04345125286,0.0
157400000000,-3.23924423139,-3.04345125286,0.0
157500000000,-3.23924423139,-3.04345125286,0.0
157600000000,-3.23924423139,-3.04345125286,0.0
157700000000,-3.23924423139,-3.04345125286,0.0
157800000000,-3.23924423139,-3.04345125286,0.0
157900000000,-3.23924423139,-3.04345125286,0.0
158000000000,-3.23924423139,-3.04345125286,0.0
158000000000,-3.23924423139,-3.04345125286,0.0
158200000000,-3.23924423139,-3.04345125286,0.0
158300000000,-3.23901158317,-3.04543767547,0.0
158400000000,-3.23874091482,-3.0494285073,0.0
158500000000,-3.23862782382,-3.05542744141,0.0
158600000000,-3.23892797476,-3.06542293586,0.0
158700000000,-3.23976752358,-3.07739353141,0.0
158800000000,-3.24136517033,-3.09331356674,0.0
158900000000,-3.24334153046,-3.11120473776,0.0
159000000000,-3.24553748617,-3.13108381668,0.0
159100000000,-3.24795303744,-3.15295080349,0.0
159200000000,-3.25058818428,-3.17680569819,0.0
159300000000,-3.25300373556,-3.19867268499,0.0
159400000000,-3.2556388824,-3.22252757969,0.0
159500000000,-3.25849362482,-3.24837038228,0.0
159600000000,-3.2615679628,-3.27620109276,0.0
159700000000,-3.26486189636,-3.30601971114,0.0
159800000000,-3.26837542548,-3.3378262374,0.0
159900000000,-3.27254774132,-3.37559648734,0.0
159900000000,-3.27737884387,-3.41933046096,0.0
160100000000,-3.2830883287,-3.47101606614,0.0
160100000000,-3.28945660024,-3.528665395,0.0
160300000000,-3.29648365849,-3.59227844753,0.0
160400000000,-3.30416950345,-3.66185522373,0.0
160500000000,-3.3127337307,-3.73938363151,0.0
160600000000,-3.32195674465,-3.82287576295,0.0
160700000000,-3.33183854532,-3.91233161808,0.0
160800000000,-3.34259872827,-4.00973910476,0.0
160900000000,-3.35357850679,-4.10913449934,0.0
161000000000,-3.36455828531,-4.20852989392,0.0
161000000000,-3.37553806382,-4.3079252885,0.0
161200000000,-3.38651784234,-4.40732068308,0.0
161300000000,-3.39749762086,-4.50671607766,0.0
161400000000,-3.40847739938,-4.60611147224,0.0
161500000000,-3.4194571779,-4.70550686682,0.0
161600000000,-3.43043695642,-4.8049022614,0.0
161700000000,-3.44141673493,-4.90429765598,0.0
161800000000,-3.45239651345,-5.00369305056,0.0
161900000000,-3.46337629197,-5.10308844514,0.0
162000000000,-3.47435607049,-5.20248383972,0.0
162100000000,-3.48533584901,-5.3018792343,0.0
162200000000,-3.49631562753,-5.40127462888,0.0
162300000000,-3.50622087221,-5.49997720246,0.0
162400000000,-3.51399034758,-5.59686452758,0.0
162500000000,-3.51875014567,-5.69194380742,0.0
162600000000,-3.51968394046,-5.78513747553,0.0
162700000000,-3.51621949057,-5.87426851706,0.0
162800000000,-3.50858035867,-5.96113160045,0.0
162900000000,-3.49697943271,-6.04553643872,0.0
163000000000,-3.48163799171,-6.12730810258,0.0
163100000000,-3.4627847152,-6.20628737455,0.0
163200000000,-3.44121352962,-6.28041070839,0.0
163200000000,-3.41669918096,-6.3515010593,0.0
163300000000,-3.38948492744,-6.41945238233,0.0
163400000000,-3.35981714163,-6.48417507539,0.0
163600000000,-3.32794428916,-6.54559601971,0.0
163700000000,-3.29411591124,-6.60365856003,0.0
163800000000,-3.25858161476,-6.65832242498,0.0
163900000000,-3.22276072222,-6.70794199011,0.0
164000000000,-3.18580715671,-6.7541899976,0.0
164000000000,-3.14796180641,-6.79707799449,0.0
164200000000,-3.10946154818,-6.83663286204,0.0
164300000000,-3.07053833208,-6.87289644286,0.0
164400000000,-3.03141829325,-6.9059251156,0.0
164500000000,-2.99391027252,-6.93457528613,0.0
164600000000,-2.9566942633,-6.96022405147,0.0
164600000000,-2.91997001057,-6.98297105967,0.0
164700000000,-2.88392809331,-7.00292811194,0.0
164800000000,-2.84874922375,-7.02021849905,0.0
165000000000,-2.81460358987,-7.03497629877,0.0
165100000000,-2.78165024328,-7.04734563701,0.0
165200000000,-2.75194106947,-7.05686938635,0.0
165300000000,-2.72373421699,-7.06441371521,0.0
165300000000,-2.69714752367,-7.07014937369,0.0
165400000000,-2.67228567751,-7.07425367145,0.0
165600000000,-2.64923986829,-7.07690959824,0.0
165700000000,-2.62808749388,-7.07830492672,0.0
165800000000,-2.60889192201,-7.07863130054,0.0
165900000000,-2.59170230822,-7.07808331126,0.0
166000000000,-2.57655347061,-7.0768575672,0.0
166100000000,-2.56148259595,-7.07489326927,0.0
166200000000,-2.54455743855,-7.07184004779,0.0
166300000000,-2.52585310022,-7.06751289779,0.0
166300000000,-2.50738247259,-7.06227721118,0.0
166500000000,-2.49108490648,-7.0567842654,0.0
166600000000,-2.47693690789,-7.05123234095,0.0
166700000000,-2.47693690789,-7.05123234095,0.0
166800000000,-2.47693690789,-7.05123234095,0.0
166900000000,-2.47693690789,-7.05123234095,0.0
167000000000,-2.47693690789,-7.05123234095,0.0
167100000000,-2.47693690789,-7.05123234095,0.0
167200000000,-2.47693690789,-7.05123234095,0.0
167200000000,-2.47693690789,-7.05123234095,0.0
167300000000,-2.47693690789,-7.05123234095,0.0
167500000000,-2.47504022005,-7.05059785275,0.0
167600000000,-2.47124684439,-7.04932887637,0.0
167700000000,-2.46555678089,-7.0474254118,0.0
167800000000,-2.45797002956,-7.04488745903,0.0
167800000000,-2.44658990256,-7.04108052988,0.0
168000000000,-2.43331308773,-7.03663911254,0.0
168100000000,-2.41813958507,-7.031563207,0.0
168200000000,-2.40106939458,-7.02585281328,0.0
168300000000,-2.38210251625,-7.01950793136,0.0
168400000000,-2.35934226226,-7.01189407306,0.0
168500000000,-2.33089194477,-7.00237675019,0.0
168600000000,-2.29675156378,-6.99095596274,0.0
168700000000,-2.2569211193,-6.97763171071,0.0
168800000000,-2.21886236379,-6.9653219126,0.0
168900000000,-2.18247990641,-6.95435301133,0.0
169000000000,-2.1477161235,-6.94499996916,0.0
169100000000,-2.11065557057,-6.93660262339,0.0
169200000000,-2.07139687633,-6.92893744715,0.0
169300000000,-2.03002253346,-6.92171499936,0.0
169400000000,-1.98660448852,-6.91458244206,0.0
169500000000,-1.94121289608,-6.90712567762,0.0
169600000000,-1.89384775615,-6.89934470602,0.0
169700000000,-1.83858842622,-6.89026690583,0.0
169800000000,-1.77740845381,-6.88021648418,0.0
169900000000,-1.7103078389,-6.86919344109,0.0
170000000000,-1.6372865815,-6.85719777655,0.0
170100000000,-1.55637113411,-6.84390528341,0.0
170200000000,-1.46953504423,-6.82964016881,0.0
170300000000,-1.37677831186,-6.81440243277,0.0
170300000000,-1.278100937,-6.79819207528,0.0
170500000000,-1.17942356213,-6.7819817178,0.0
170500000000,-1.08074618727,-6.76577136031,0.0
170700000000,-0.982068812403,-6.74956100282,0.0
170800000000,-0.883391437539,-6.73335064533,0.0
170900000000,-0.784714062675,-6.71714028784,0.0
171000000000,-0.686036687811,-6.70092993035,0.0
171100000000,-0.587359312947,-6.68471957286,0.0
171200000000,-0.488681938083,-6.66850921537,0.0
171300000000,-0.390004563219,-6.65229885788,0.0
171400000000,-0.291327188355,-6.63608850039,0.0
171500000000,-0.192649813491,-6.6198781429,0.0
171600000000,-0.0939724386271,-6.60366778541,0.0
171700000000,0.00470493623693,-6.58745742792,0.0
171800000000,0.103382311101,-6.57124707043,0.0
171900000000,0.202216853011,-6.55602428075,0.0
172000000000,0.301336064168,-6.5427810946,0.0
172100000000,0.400807911018,-6.53251699774,0.0
172200000000,0.500610645399,-6.526238924,0.0
172300000000,0.597799530461,-6.52488277575,0.0
172400000000,0.692939851902,-6.52820608263,0.0
172500000000,0.785811262011,-6.53600562952,0.0
172600000000,0.876208361855,-6.54806807962,0.0
172700000000,0.963941152663,-6.56417094875,0.0
172700000000,1.04883542779,-6.58408359908,0.0
172900000000,1.13073310444,-6.60756824868,0.0
173000000000,1.21327907898,-6.63567009343,0.0
173100000000,1.29621328208,-6.66850700763,0.0
173200000000,1.37926575665,-6.7061822625,0.0
173300000000,1.46215747424,-6.74878384584,0.0
173400000000,1.54460119396,-6.79638382705,0.0
173500000000,1.62507547595,-6.8472426028,0.0
173600000000,1.70284759667,-6.89859850788,0.0
173700000000,1.77844442312,-6.94961084161,0.0
173800000000,1.85238339436,-6.99950446353,0.0
173900000000,1.92347967811,-7.04645205819,0.0
174000000000,1.99425092188,-7.09019443899,0.0
174100000000,2.06497283047,-7.13008908877,0.0
174200000000,2.13398339763,-7.16468860159,0.0
174300000000,2.2027722236,-7.19506768492,0.0
174400000000,2.27109612105,-7.22133254611,0.0
174500000000,2.33872183865,-7.24360285888,0.0
174600000000,2.40735472008,-7.26254308322,0.0
174700000000,2.47878251198,-7.27854522186,0.0
174800000000,2.54893607813,-7.2906976565,0.0
174900000000,2.61761455955,-7.29916390222,0.0
175000000000,2.6846300643,-7.30411767505,0.0
175100000000,2.75180755239,-7.30579184177,0.0
175200000000,2.82098604875,-7.30413450386,0.0
175300000000,2.89199569419,-7.29895427554,0.0
175400000000,2.96465272041,-7.29006864459,0.0
175500000000,3.03875992267,-7.27730487339,0.0
175600000000,3.11410718731,-7.26050087453,0.0
175700000000,3.19047207265,-7.23950605759,0.0
175800000000,3.2695206865,-7.21355838967,0.0
175900000000,3.34934222125,-7.18377113068,0.0
176000000000,3.42638239129,-7.15235812346,0.0
176100000000,3.50094244365,-7.12020271912,0.0
176200000000,3.57334873937,-7.08811368062,0.0
176300000000,3.6439265551,-7.05683498828,0.0
176400000000,3.71297713178,-7.02705564743,0.0
176500000000,3.78075748194,-6.99941831709,0.0
176500000000,3.84746254747,-6.97452577313,0.0
176700000000,3.91320944748,-6.95294438612,0.0
176800000000,3.98186054697,-6.93407030204,0.0
176900000000,4.05315960055,-6.91750398514,0.0
177000000000,4.12688429314,-6.90268976953,0.0
177100000000,4.20482709309,-6.88864348932,0.0
177200000000,4.28473818667,-6.87424249766,0.0
177300000000,4.36661757386,-6.85948679454,0.0
177400000000,4.45046525468,-6.84437637998,0.0
177500000000,4.53628122912,-6.82891125396,0.0
177600000000,4.62603379081,-6.81273670503,0.0
177700000000,4.71775464612,-6.79620744466,0.0
177800000000,4.81144379505,-6.77932347283,0.0
177900000000,4.90710123761,-6.76208478955,0.0
178000000000,5.00472697379,-6.74449139481,0.0
178100000000,5.10314165493,-6.7267558222,0.0
178100000000,5.20155633607,-6.70902024959,0.0
178300000000,5.29997101721,-6.69128467698,0.0
178400000000,5.39838569835,-6.67354910436,0.0
178500000000,5.49680037949,-6.65581353175,0.0
178600000000,5.59521506064,-6.63807795914,0.0
178700000000,5.69344746831,-6.61935914289,0.0
178800000000,5.7912858788,-6.5986795531,0.0
178900000000,5.88744199745,-6.57430102262,0.0
179000000000,5.98038009425,-6.54584001981,0.0
179100000000,6.06993547406,-6.51355133636,0.0
179200000000,6.15411451227,-6.47846532934,0.0
179300000000,6.23467283499,-6.44016778872,0.0
179300000000,6.30973981627,-6.39987254671,0.0
179500000000,6.38103490625,-6.35698927529,0.0
179600000000,6.44848858719,-6.3117878111,0.0
179700000000,6.51204857292,-6.26453840618,0.0
179800000000,6.57167967393,-6.21551069505,0.0
179900000000,6.62736360307,-6.16497267651,0.0
180000000000,6.67909872287,-6.11318971333,0.0
180100000000,6.72555697966,-6.06190578308,0.0
180200000000,6.76818581688,-6.00995965734,0.0
180300000000,6.80941791237,-5.95438695336,0.0
180400000000,6.8489978916,-5.89520393421,0.0
180500000000,6.88666882463,-5.83244328809,0.0
180600000000,6.92217322742,-5.76615430964,0.0
180700000000,6.95525407667,-5.69640302234,0.0
180800000000,6.986423572,-5.62142546571,0.0
180900000000,7.01456982491,-5.54313272487,0.0
181000000000,7.03944175209,-5.46164563727,0.0
181100000000,7.06079307874,-5.3771017289,0.0
181100000000,7.07798896439,-5.29161574695,0.0
181300000000,7.09069019326,-5.20736945925,0.0
181400000000,7.09926084686,-5.12260329793,0.0
181400000000,7.10378420962,-5.03552235408,0.0
181600000000,7.10405434501,-4.94632441686,0.0
181700000000,7.09987520983,-4.85522187468,0.0
181800000000,7.09125072575,-4.76443224622,0.0
181800000000,7.07848765841,-4.67615173258,0.0
181900000000,7.06142734564,-4.58860008664,0.0
182100000000,7.04134026879,-4.50374691383,0.0
182200000000,7.01923590884,-4.4214659593,0.0
182300000000,6.99660529167,-4.34348502187,0.0
182400000000,6.97453209021,-4.2674248363,0.0
182500000000,6.95375876223,-4.19307395526,0.0
182600000000,6.93497605825,-4.12025911259,0.0
182700000000,6.93497605825,-4.12025911259,0.0
182800000000,6.93497605825,-4.12025911259,0.0
182900000000,6.93497605825,-4.12025911259,0.0
183000000000,6.93497605825,-4.12025911259,0.0
183100000000,6.93497605825,-4.12025911259,0.0
183200000000,6.93497605825,-4.12025911259,0.0
183300000000,6.93497605825,-4.12025911259,0.0
183400000000,6.93497605825,-4.12025911259,0.0
183500000000,6.93497605825,-4.12025911259,0.0
183600000000,6.93497605825,-4.12025911259,0.0
183700000000,6.93497605825,-4.12025911259,0.0
183800000000,6.93497605825,-4.12025911259,0.0
183900000000,6.93497605825,-4.12025911259,0.0
184000000000,6.93497605825,-4.12025911259,0.0
184100000000,6.93497605825,-4.12025911259,0.0
184200000000,6.93497605825,-4.12025911259,0.0
184300000000,6.93497605825,-4.12025911259,0.0
184400000000,6.93497605825,-4.12025911259,0.0
184500000000,6.93497605825,-4.12025911259,0.0
184600000000,6.93497605825,-4.12025911259,0.0
184700000000,6.93497605825,-4.12025911259,0.0
184800000000,6.93497605825,-4.12025911259,0.0
184900000000,6.93497605825,-4.12025911259,0.0
185000000000,6.93497605825,-4.12025911259,0.0
185100000000,6.93497605825,-4.12025911259,0.0
185200000000,6.93497605825,-4.12025911259,0.0
185300000000,6.93497605825,-4.12025911259,0.0
185400000000,6.93541729494,-4.12220983301,0.0
185500000000,6.93629976833,-4.12611127387,0.0
185600000000,6.9376234784,-4.13196343514,0.0
185700000000,6.93938842517,-4.13976631685,0.0
185800000000,6.94159460863,-4.14951991898,0.0
185900000000,6.9433595554,-4.15732280069,0.0
186000000000,6.9433595554,-4.15732280069,0.0
186100000000,6.9433595554,-4.15732280069,0.0
186200000000,6.9433595554,-4.15732280069,0.0
186300000000,6.9433595554,-4.15732280069,0.0
186400000000,6.9433595554,-4.15732280069,0.0
186500000000,6.9433595554,-4.15732280069,0.0
186600000000,6.9433595554,-4.15732280069,0.0
186700000000,6.9433595554,-4.15732280069,0.0
186800000000,6.9433595554,-4.15732280069,0.0
186900000000,6.9433595554,-4.15732280069,0.0
187000000000,6.9433595554,-4.15732280069,0.0
187100000000,6.9433595554,-4.15732280069,0.0
187200000000,6.9433595554,-4.15732280069,0.0
187300000000,6.9433595554,-4.15732280069,0.0
187400000000,6.9433595554,-4.15732280069,0.0
187500000000,6.9433595554,-4.15732280069,0.0
187600000000,6.9433595554,-4.15732280069,0.0
187700000000,6.9433595554,-4.15732280069,0.0
187800000000,6.94311527013,-4.15533777557,0.0
187900000000,6.94282121894,-4.15134859848,0.0
188000000000,6.9426729743,-4.14535043013,0.0
188100000000,6.94286622963,-4.1373527647,0.0
188200000000,6.94359586552,-4.12737941864,0.0
188300000000,6.9445686339,-4.11943878128,0.0
188400000000,6.9455882629,-4.11352605292,0.0
188500000000,6.94645976098,-4.10962214576,0.0
188600000000,6.94699034228,-4.10769380879,0.0
188700000000,6.94761448895,-4.10579369276,0.0
188800000000,6.94901375255,-4.1020464189,0.0
188900000000,6.95128030554,-4.09649099474,0.0
189000000000,6.95444990658,-4.08914568132,0.0
189100000000,6.95850352466,-4.08000411797,0.0
189200000000,6.96336786636,-4.06903424196,0.0
189300000000,6.96904293168,-4.05623605327,0.0
189400000000,6.97552872061,-4.04160955191,0.0
189500000000,6.98201450954,-4.02698305056,0.0
189600000000,6.99093246932,-4.00687161119,0.0
189700000000,7.00309332357,-3.97944692115,0.0
189800000000,7.01768634867,-3.9465372931,0.0
189900000000,7.03471154461,-3.90814272704,0.0
190000000000,7.05497963503,-3.8624349103,0.0
190000000000,7.07767989629,-3.81124215555,0.0
190200000000,7.1028123284,-3.75456446279,0.0
190200000000,7.12956620775,-3.6942301447,0.0
190400000000,7.15550936347,-3.63572413927,0.0
190500000000,7.18007377149,-3.57879796025,0.0
190600000000,7.20273930145,-3.52324371872,0.0
190700000000,7.22302862362,-3.46890824775,0.0
190800000000,7.24050473051,-3.4157049989,0.0
190900000000,7.25483042558,-3.3636399006,0.0
190900000000,7.26660956903,-3.31299158592,0.0
191100000000,7.27607537367,-3.26593418967,0.0
191100000000,7.28378999074,-3.22058570917,0.0
191300000000,7.28942867746,-3.1769485093,0.0
191300000000,7.29276986121,-3.13508161915,0.0
191500000000,7.29393881982,-3.0970996032,0.0
191500000000,7.29328717274,-3.06110550151,0.0
191700000000,7.29101184298,-3.02718172114,0.0
191800000000,7.28731322445,-2.99539618637,0.0
191900000000,7.28272217037,-2.96777513964,0.0
192000000000,7.2763633974,-2.93845678351,0.0
192100000000,7.26806112924,-2.90755253876,0.0
192200000000,7.25764648124,-2.87518689174,0.0
192300000000,7.24495831434,-2.84149697603,0.0
192400000000,7.2314350376,-2.81030208884,0.0
192500000000,7.21728821891,-2.78159899631,0.0
192600000000,7.20272690442,-2.75536984992,0.0
192700000000,7.18712835132,-2.72974398133,0.0
192800000000,7.16994657352,-2.70274793511,0.0
192900000000,7.16994657352,-2.70274793511,0.0
193000000000,7.16994657352,-2.70274793511,0.0
193100000000,7.16994657352,-2.70274793511,0.0
193200000000,7.16994657352,-2.70274793511,0.0
193300000000,7.16994657352,-2.70274793511,0.0
193300000000,7.16994657352,-2.70274793511,0.0
193500000000,7.16994657352,-2.70274793511,0.0
193600000000,7.16994657352,-2.70274793511,0.0
193700000000,7.16994657352,-2.70274793511,0.0
193800000000,7.16994657352,-2.70274793511,0.0
193900000000,7.16994657352,-2.70274793511,0.0
194000000000,7.16994657352,-2.70274793511,0.0
194100000000,7.16994657352,-2.70274793511,0.0
194200000000,7.16994657352,-2.70274793511,0.0
194300000000,7.16994657352,-2.70274793511,0.0
194400000000,7.16994657352,-2.70274793511,0.0
194500000000,7.16994657352,-2.70274793511,0.0
194600000000,7.16994657352,-2.70274793511,0.0
194700000000,7.17016540678,-2.70075994316,0.0
194700000000,7.17076172018,-2.69680464161,0.0
194900000000,7.17219109284,-2.68893337146,0.0
195000000000,7.17407610856,-2.67911264258,0.0
195100000000,7.17633812742,-2.66732776792,0.0
195100000000,7.17897714943,-2.65357874749,0.0
195300000000,7.18199317458,-2.63786558128,0.0
195300000000,7.18538620288,-2.6201882693,0.0
195500000000,7.18915623432,-2.60054681154,0.0
195600000000,7.19368027204,-2.57697706223,0.0
195700000000,7.19971232235,-2.54555072981,0.0
195800000000,7.20687538208,-2.50823196006,0.0
195800000000,7.21554645439,-2.46305660722,0.0
196000000000,7.22534853613,-2.41198881704,0.0
196100000000,7.23628162731,-2.35502858954,0.0
196200000000,7.24834572792,-2.2921759247,0.0
196300000000,7.26154083795,-2.22343082254,0.0
196400000000,7.27624396057,-2.14682913728,0.0
196400000000,7.29207809261,-2.06433501468,0.0
196600000000,7.30904323409,-1.97594845476,0.0
196700000000,7.32751638815,-1.87970531174,0.0
196800000000,7.34636654534,-1.78149802294,0.0
196900000000,7.36521670254,-1.68329073414,0.0
197000000000,7.38406685974,-1.58508344534,0.0
197100000000,7.40291701694,-1.48687615654,0.0
197200000000,7.42176717413,-1.38866886773,0.0
197300000000,7.44061733133,-1.29046157893,0.0
197400000000,7.45946748853,-1.19225429013,0.0
197500000000,7.47831764573,-1.09404700133,0.0
197600000000,7.49716780292,-0.995839712531,0.0
197600000000,7.51601796012,-0.89763242373,0.0
197800000000,7.53486811732,-0.799425134929,0.0
197900000000,7.55371827452,-0.701217846128,0.0
198000000000,7.57256843171,-0.603010557327,0.0
198100000000,7.59126747592,-0.50559055092,0.0
198200000000,7.60958951699,-0.410134690289,0.0
198300000000,7.62753455491,-0.316642975434,0.0
198400000000,7.64510258969,-0.225115406355,0.0
198500000000,7.66229362132,-0.135551983052,0.0
198500000000,7.67910764981,-0.0479527055254,0.0
198600000000,7.69554467516,0.0376824262254,0.0
198800000000,7.71160469736,0.1213534122,0.0
198900000000,7.72728771641,0.203060252399,0.0
199000000000,7.74259373233,0.282802946822,0.0
199100000000,7.7575227451,0.360581495469,0.0
199200000000,7.77207475472,0.436395898339,0.0
199300000000,7.78624976121,0.510246155434,0.0
199400000000,7.80004776454,0.582132266753,0.0
199500000000,7.81346876474,0.652054232296,0.0
199600000000,7.82651276179,0.720012052062,0.0
199700000000,7.83917975569,0.786005726053,0.0
199800000000,7.85146974646,0.850035254268,0.0
199900000000,7.86338273407,0.912100636706,0.0
200000000000,7.87491871855,0.972201873369,0.0
200100000000,7.88607769988,1.03033896426,0.0
200200000000,7.89685967806,1.08651190937,0.0
200300000000,7.90726465311,1.1407207087,0.0
200400000000,7.91804663129,1.19689365381,0.0
200400000000,7.92920561262,1.2550307447,0.0
200600000000,7.9407415971,1.31513198136,0.0
200700000000,7.95303158786,1.37916150958,0.0
200800000000,7.96569858177,1.44515518357,0.0
200900000000,7.97911958196,1.51507714911,0.0
201000000000,7.9929175853,1.58696326043,0.0
201100000000,8.00709259178,1.66081351752,0.0
201200000000,8.0216446014,1.73662792039,0.0
201200000000,8.03657361417,1.81440646904,0.0
201400000000,8.0511256238,1.89022087191,0.0
201500000000,8.06530063028,1.964071129,0.0
201600000000,8.07909863362,2.03595724032,0.0
201700000000,8.09251963381,2.10587920587,0.0
201800000000,8.10556363086,2.17383702563,0.0
201900000000,8.11823062477,2.23983069962,0.0
202000000000,8.13052061553,2.30386022784,0.0
202100000000,8.14243360315,2.36592561028,0.0
202200000000,8.15396958762,2.42602684694,0.0
202300000000,8.16512856895,2.48416393783,0.0
202400000000,8.17591054714,2.54033688294,0.0
202500000000,8.18631552218,2.59454568227,0.0
202600000000,8.19634349408,2.64679033583,0.0
202700000000,8.20674846912,2.70099913516,0.0
202800000000,8.21753044731,2.75717208028,0.0
202900000000,8.22868942864,2.81530917116,0.0
203000000000,8.24060241626,2.8773745536,0.0
203100000000,8.25289240702,2.94140408181,0.0
203200000000,8.26593640407,3.00936190158,0.0
203300000000,8.27935740426,3.07928386712,0.0
203400000000,8.2931554076,3.15116997844,0.0
203500000000,8.30733041408,3.22502023554,0.0
203600000000,8.32188242371,3.30083463841,0.0
203700000000,8.33681143648,3.37861318706,0.0
203800000000,8.35211745239,3.45835588148,0.0
203900000000,8.36817747459,3.54202686745,0.0
204000000000,8.38461449994,3.6276619992,0.0
204100000000,8.40142852843,3.71526127673,0.0
204200000000,8.41824255692,3.80286055426,0.0
204300000000,8.43382242337,3.8886557718,0.0
204400000000,8.44736546603,3.97277083706,0.0
204500000000,8.45812079463,4.05527106571,0.0
204600000000,8.46538935858,4.13614343068,0.0
204700000000,8.46861713719,4.21527597454,0.0
204800000000,8.46867634233,4.2924742981,0.0
204900000000,8.46647837634,4.36764051543,0.0
205000000000,8.46287605217,4.44075016703,0.0
205100000000,8.45866122068,4.51182364807,0.0
205200000000,8.4543279923,4.58489362158,0.0
205300000000,8.44987636703,4.65996008755,0.0
205400000000,8.44518794797,4.73901953847,0.0
205500000000,8.44038113202,4.82007548185,0.0
205600000000,8.43545591917,4.9031279177,0.0
205700000000,8.43029391254,4.99017333848,0.0
205800000000,8.42501350901,5.07921525174,0.0
205900000000,8.4194963117,5.17225014993,0.0
206000000000,8.4138607175,5.26728154058,0.0
206100000000,8.40810672641,5.36430942371,0.0
206200000000,8.40223433842,5.46333379931,0.0
206300000000,8.39631449377,5.56315842272,0.0
206400000000,8.39039464913,5.66298304613,0.0
206500000000,8.38447480449,5.76280766954,0.0
206600000000,8.37855495984,5.86263229296,0.0
206700000000,8.3726351152,5.96245691637,0.0
206800000000,8.36671527055,6.06228153978,0.0
206900000000,8.36079542591,6.16210616319,0.0
207000000000,8.35487558127,6.2619307866,0.0
207100000000,8.34895573662,6.36175541002,0.0
207200000000,8.34303589198,6.46158003343,0.0
207300000000,8.33711604733,6.56140465684,0.0
207400000000,8.33119620269,6.66122928025,0.0
207500000000,8.32527635805,6.76105390367,0.0
207600000000,8.31940397006,6.86007827926,0.0
207700000000,8.312680004,6.95704377208,0.0
207800000000,8.30419643152,7.05186335935,0.0
207900000000,8.29334831848,7.1424142114,0.0
208000000000,8.27842439172,7.23035522224,0.0
208100000000,8.25965293021,7.31550910544,0.0
208200000000,8.23726957278,7.3977146011,0.0
208300000000,8.21151629983,7.47682676044,0.0
208400000000,8.1826404054,7.5527171693,0.0
208400000000,8.15089346301,7.6252741104,0.0
208600000000,8.11653028899,7.69440266411,0.0
208700000000,8.07980790653,7.7600247481,0.0
208800000000,8.04098451424,7.82207909612,0.0
208900000000,8.00146079385,7.8788795068,0.0
209000000000,7.96043073511,7.93209747389,0.0
209100000000,7.91814705354,7.98172523456,0.0
209200000000,7.87485944507,8.0277710153,0.0
209300000000,7.83081363472,8.07025870972,0.0
209400000000,7.78775600505,8.10791095192,0.0
209500000000,7.7444785477,8.14217345499,0.0
209600000000,7.70120588471,8.17311760927,0.0
209700000000,7.65815499811,8.20082847038,0.0
209800000000,7.6155344404,8.2254041766,0.0
209900000000,7.5735435841,8.24695532223,0.0
210000000000,7.53237191265,8.26560428936,0.0
210100000000,7.4921983549,8.28148454056,0.0
210200000000,7.45319066541,8.2947398752,0.0
210300000000,7.45319066541,8.2947398752,0.0
210400000000,7.45319066541,8.2947398752,0.0
210500000000,7.45319066541,8.2947398752,0.0
210600000000,7.45319066541,8.2947398752,0.0
210700000000,7.45126783873,8.29529009111,0.0
210800000000,7.44742218537,8.29639052295,0.0
210900000000,7.44357653201,8.29749095478,0.0
211000000000,7.4416482994,8.29802191524,0.0
211100000000,7.4416482994,8.29802191524,0.0
211200000000,7.4416482994,8.29802191524,0.0
211300000000,7.4416482994,8.29802191524,0.0
211400000000,7.43966513228,8.29828085189,0.0
211500000000,7.4356850489,8.29867951998,0.0
211600000000,7.42970415856,8.29915800799,0.0
211700000000,7.41972853173,8.29985576828,0.0
211800000000,7.40775777954,8.30069308062,0.0
211900000000,7.39379190199,8.30166994503,0.0
212000000000,7.37783089906,8.30278636149,0.0
212100000000,7.35987477078,8.30404233001,0.0
212200000000,7.33992351712,8.30543785058,0.0
212300000000,7.31398688737,8.30725202733,0.0
212400000000,7.28206488153,8.30948486025,0.0
212500000000,7.24216237422,8.31227590141,0.0
212600000000,7.19627449082,8.31548559873,0.0
212700000000,7.14440123133,8.31911395223,0.0
212800000000,7.08454747037,8.32330051396,0.0
212900000000,7.01870833331,8.32790573186,0.0
213000000000,6.94688382016,8.33292960594,0.0
213100000000,6.86707880555,8.33851168824,0.0
213200000000,6.78128841484,8.34451242672,0.0
213300000000,6.68951264804,8.35093182138,0.0
213400000000,6.59574175587,8.35749076809,0.0
213500000000,6.49997573834,8.36418926685,0.0
213600000000,6.40221459544,8.37102731768,0.0
213700000000,6.30245832717,8.37800492056,0.0
213800000000,6.20469718428,8.38484297138,0.0
213900000000,6.10893116674,8.39154147015,0.0
214000000000,6.01516027457,8.39810041686,0.0
214100000000,5.92338450777,8.40451981151,0.0
214200000000,5.83360386633,8.41079965411,0.0
214300000000,5.74581835026,8.41693994464,0.0
214400000000,5.66002795955,8.42294068312,0.0
214500000000,5.57822781958,8.42866231749,0.0
214600000000,5.49837097529,8.43344608385,0.0
214700000000,5.42043284645,8.43655221859,0.0
214800000000,5.34443652039,8.43729949729,0.0
214900000000,5.27047019012,8.43506746107,0.0
215000000000,5.19869495643,8.42938275976,0.0
215100000000,5.12926677129,8.42045375595,0.0
215200000000,5.06232648559,8.40849557257,0.0
215300000000,4.9979995723,8.39372911643,0.0
215400000000,4.93639590898,8.37638009153,0.0
215500000000,4.87760961975,8.35667800538,0.0
215600000000,4.82171897707,8.33485517191,0.0
215700000000,4.76878636308,8.31114571437,0.0
215800000000,4.71885829037,8.28578457175,0.0
215900000000,4.67196548159,8.25900651199,0.0
216000000000,4.62812300744,8.23104515543,0.0
216100000000,4.58707565281,8.20249494215,0.0
216200000000,4.54851004631,8.17391708368,0.0
216300000000,4.51210643734,8.1457963217,0.0
216400000000,4.47755631173,8.11855134381,0.0
216500000000,4.44457664637,8.09254477401,0.0
216600000000,4.41159698102,8.06653820421,0.0
216700000000,4.3770468554,8.03929322632,0.0
216800000000,4.34092626954,8.01080984034,0.0
216900000000,4.30323522341,7.98108804628,0.0
217000000000,4.26397371704,7.95012784413,0.0
217100000000,4.22157129015,7.91669082582,0.0
217200000000,4.177598403,7.88201539941,0.0
217300000000,4.13048459535,7.84486315684,0.0
217400000000,4.08180032744,7.80647250617,0.0
217500000000,4.03154559928,7.76684344743,0.0
217500000000,3.97972041086,7.72597598059,0.0
217700000000,3.92632476219,7.68387010567,0.0
217800000000,3.87449957377,7.64300263884,0.0
217900000000,3.82424484561,7.60337358009,0.0
218000000000,3.7755605777,7.56498292943,0.0
218100000000,3.72844677004,7.52783068685,0.0
218200000000,3.68290342265,7.49191685236,0.0
218300000000,3.63927948261,7.45680343817,0.0
218400000000,3.59789909548,7.42210958338,0.0
218500000000,3.55907136201,7.38752046495,0.0
218600000000,3.52309686239,7.35279532453,0.0
218700000000,3.49023103593,7.31781193631,0.0
218800000000,3.46010048499,7.28305348555,0.0
218800000000,3.43293848449,7.24843808827,0.0
219000000000,3.40865616672,7.21416901994,0.0
219100000000,3.38715207918,7.18044107576,0.0
219200000000,3.36831280749,7.14743983575,0.0
219300000000,3.35201363961,7.11534097087,0.0
219400000000,3.33811926879,7.08430959224,0.0
219500000000,3.32648453265,7.05449964567,0.0
219600000000,3.31695518561,7.02605335337,0.0
219700000000,3.30936870184,6.99910070482,0.0
219800000000,3.30333057612,6.9738115562,0.0
219900000000,3.29845963941,6.95031104609,0.0
220000000000,3.29405965573,6.92671782368,0.0
220100000000,3.28929300673,6.90115849941,0.0
220200000000,3.28415969243,6.87363307327,0.0
220300000000,3.27865971283,6.84414154526,0.0
220400000000,3.27279306791,6.81268391538,0.0
220500000000,3.26655975769,6.77926018364,0.0
220600000000,3.25959311686,6.74190424816,0.0
220700000000,3.25225981071,6.70258221081,0.0
220800000000,3.24455983926,6.6612940716,0.0
220900000000,3.23649320251,6.61803983052,0.0
221000000000,3.22805990044,6.57281948757,0.0
221100000000,3.21925993307,6.52563304276,0.0
221200000000,3.21009330039,6.47648049608,0.0
221300000000,3.20056000241,6.42536184753,0.0
221400000000,3.19066003912,6.37227709711,0.0
221500000000,3.18039341052,6.31722624483,0.0
221600000000,3.16866012069,6.25431098507,0.0
221700000000,3.15582683494,6.18549741972,0.0
221800000000,3.14189355327,6.11078554876,0.0
221900000000,3.12649361037,6.02820927033,0.0
222000000000,3.10999367155,5.93973468631,0.0
222100000000,3.0923937368,5.84536179668,0.0
222200000000,3.07406047145,5.74705670331,0.0
222300000000,3.05572720609,5.64875160995,0.0
222400000000,3.03739394074,5.55044651658,0.0
222500000000,3.01906067538,5.45214142322,0.0
222600000000,3.00072741002,5.35383632985,0.0
222700000000,2.98239414467,5.25553123649,0.0
222800000000,2.96406087931,5.15722614313,0.0
222900000000,2.94572761395,5.05892104976,0.0
223000000000,2.9273943486,4.9606159564,0.0
223100000000,2.90906108324,4.86231086303,0.0
223200000000,2.89072781788,4.76400576967,0.0
223300000000,2.87254152183,4.66648874275,0.0
223400000000,2.85472189109,4.5709378177,0.0
223500000000,2.83726892565,4.47735299452,0.0
223600000000,2.82018262552,4.38573427321,0.0
223700000000,2.8034629907,4.29608165376,0.0
223700000000,2.78711002118,4.20839513618,0.0
223900000000,2.77149038228,4.12464082233,0.0
224000000000,2.75587074338,4.04088650849,0.0
224100000000,2.7409844351,3.96106439838,0.0
224200000000,2.72609812681,3.88124228827,0.0
224300000000,2.71157848383,3.80338628002,0.0
224400000000,2.69779217146,3.72946247551,0.0
224500000000,2.68365363035,3.65764256496,0.0
224600000000,2.66850708892,3.58807398876,0.0
224700000000,2.65176451954,3.52093162139,0.0
224800000000,2.63291148004,3.45643215904,0.0
224800000000,2.61093016459,3.39293066683,0.0
225000000000,2.58634336277,3.32824759097,0.0
225100000000,2.55897217581,3.26035932968,0.0
225200000000,2.53085312532,3.19061615596,0.0
225300000000,2.50198621129,3.1190180698,0.0
225400000000,2.47237143372,3.04556507121,0.0
225500000000,2.44200879263,2.97025716019,0.0
225600000000,2.41015042446,2.8912394243,0.0
225700000000,2.37754419276,2.81036677598,0.0
225800000000,2.34419009753,2.72763921522,0.0
225900000000,2.31008813876,2.64305674204,0.0
226000000000,2.27598618,2.55847426885,0.0
226100000000,2.24180649064,2.47608437983,0.0
226200000000,2.2067891151,2.3962261617,0.0
226300000000,2.17024985477,2.31926097047,0.0
226400000000,2.13159134478,2.24558950769,0.0
226500000000,2.090394866,2.1756179308,0.0
226600000000,2.04751604437,2.10903126015,0.0
226700000000,2.00265921627,2.04376072296,0.0
226800000000,1.95586474982,1.97986505831,0.0
226900000000,1.90723589771,1.91483886221,0.0
227000000000,1.85740926622,1.84821100305,0.0
227100000000,1.80638485536,1.77998148082,0.0
227200000000,1.75416266513,1.71015029553,0.0
227300000000,1.69954491615,1.6371157841,0.0
227400000000,1.6437293878,1.56247960961,0.0
227500000000,1.58671608008,1.48624177206,0.0
227600000000,1.52850499298,1.40840227144,0.0
227700000000,1.46909612652,1.32896110775,0.0
227800000000,1.41088503942,1.25112160713,0.0
227900000000,1.35311221667,1.17545770501,0.0
228000000000,1.29508305404,1.10252932897,0.0
228100000000,1.23618414561,1.03290133929,0.0
228200000000,1.17589966803,0.967158455716,0.0
228300000000,1.11531981678,0.907251529317,0.0
228400000000,1.05337493916,0.851710580841,0.0
228500000000,0.990343385595,0.80052274349,0.0
228600000000,0.926498838679,0.753658558006,0.0
228700000000,0.862109365512,0.711072405185,0.0
228800000000,0.862109365512,0.711072405185,0.0
228900000000,0.862109365512,0.711072405185,0.0
229000000000,0.862109365512,0.711072405185,0.0
229100000000,0.862109365512,0.711072405185,0.0
229200000000,0.862109365512,0.711072405185,0.0
229300000000,0.862109365512,0.711072405185,0.0
229400000000,0.862109365512,0.711072405185,0.0
229500000000,0.862109365512,0.711072405185,0.0
229600000000,0.862109365512,0.711072405185,0.0
229700000000,0.862109365512,0.711072405185,0.0
229800000000,0.862109365512,0.711072405185,0.0
229900000000,0.862109365512,0.711072405185,0.0
230000000000,0.862109365512,0.711072405185,0.0
230100000000,0.862109365512,0.711072405185,0.0
230200000000,0.862109365512,0.711072405185,0.0
230300000000,0.862109365512,0.711072405185,0.0
230400000000,0.862109365512,0.711072405185,0.0
230500000000,0.862109365512,0.711072405185,0.0
230600000000,0.862109365512,0.711072405185,0.0
230700000000,0.862109365512,0.711072405185,0.0
230800000000,0.862109365512,0.711072405185,0.0
230900000000,0.862109365512,0.711072405185,0.0
231000000000,0.862109365512,0.711072405185,0.0
231100000000,0.862109365512,0.711072405185,0.0
231200000000,0.862109365512,0.711072405185,0.0
231300000000,0.862109365512,0.711072405185,0.0
231400000000,0.862109365512,0.711072405185,0.0
231500000000,0.862109365512,0.711072405185,0.0
231600000000,0.862109365512,0.711072405185,0.0
231700000000,0.862109365512,0.711072405185,0.0
231800000000,0.862109365512,0.711072405185,0.0
231900000000,0.862109365512,0.711072405185,0.0
232000000000,0.862109365512,0.711072405185,0.0
232100000000,0.862109365512,0.711072405185,0.0
232200000000,0.862109365512,0.711072405185,0.0
232300000000,0.862109365512,0.711072405185,0.0
232400000000,0.862109365512,0.711072405185,0.0
232500000000,0.862109365512,0.711072405185,0.0
232600000000,0.862109365512,0.711072405185,0.0
232700000000,0.862109365512,0.711072405185,0.0
232800000000,0.862109365512,0.711072405185,0.0
